id,matricula_discente,nombre_discente,apellido_paterno_discente,apellido_materno_discente,grado_escolar,plantel,CURP,RFC,cartilla_militar,generacion,sexo,fecha_nacimiento,nacionalidad,entidad_nacimiento,nombre_tutor,nombre_padre,nombre_madre,escuela_procedencia,tipo_escuela_procedencia,entidad_federativa_escuela,promedio_secundaria,promedio_bachillerato,foto,practica_deporte,nombre_deporte,nombre_entrenador,categoria,fecha_inicio,lugar,horario_deporte,asociacion,peso,estatura,tipo_sangre,padece_enfermedad,descripcion_enfermedad,problema_fisico,descripcion_problema,operacion_fisica,descripcion_operacion,tatuajes,pie_plano,lentes,carrera,promedio,foto_horario,fk_id_domicilio
1,1,nombre1,apellidoPaterno1,apellidoMaterno1,BACHILLERATO,CECYT,AAST770826MCHLNR69,AAST770825,SAML770826MCSNRT81,75 (2016 - 2022),Masculino,1998-12-15,Mexicano,PUEBLA,Erik Puente,Lucas Campillo,Maria Amparo Garcia,Escuela Oficial Rural Mixta NINOS HEROES,INGENIERIA Y CIENCIAS FISICO MATEMATICA,PUEBLA,3.888708721,4.675588055,...,NO,Natacion,Demetrio Sanchis,Juvenil,2022-05-31,Ciudad de Mexico,Vespertino,,90.12322334,1.61053519,O+,NO,,NO,,NO,,SI,NO,SI,Ingenieria en sistemas computacionales,8.442188423,...,0
2,2015080213,nombre2,apellidoPaterno2,apellidoMaterno2,BACHILLERATO,CECYT,AAST770826MCHLNR69,AAST770826,SAML770826MCSNRT82,75 (2016 - 2022),Masculino,1998-12-16,Mexicano,MICHOACAN,Erik Puente,Lucas Campillo,Maria Amparo Garcia,Escuela Oficial Rural Mixta NINOS HEROES,CIENCIAS MEDICO BIOLOGICAS,MICHOACAN,3.195815813,4.151353556,...,SI,Futbol,Demetrio Sanchis,Juvenil,2022-06-01,Ciudad de Mexico,Matutino,,80.69990691,1.991006471,AB+,NO,,NO,,NO,,SI,SI,NO,Ingenieria en sistemas computacionales,4.72698037,...,0
3,3,nombre3,apellidoPaterno3,apellidoMaterno3,BACHILLERATO,CECYT,AAST770826MCHLNR70,AAST770827,SAML770826MCSNRT83,75 (2016 - 2022),Femenino,1998-12-17,Mexicano,SINALOA,Erik Puente,Lucas Campillo,Maria Amparo Garcia,Escuela Oficial Rural Mixta NINOS HEROES,CIENCIAS SOCIALES Y ADMINISTRATIVAS,SINALOA,6.898762918,9.329450647,...,NO,Basquetball,Demetrio Sanchis,Juvenil,2022-06-02,Ciudad de Mexico,Matutino,,94.40575218,1.924253514,A-,NO,,NO,,NO,,NO,SI,SI,Ingenieria en sistemas computacionales,9.260073118,...,0
4,4,nombre4,apellidoPaterno4,apellidoMaterno4,BACHILLERATO,CECYT,AAST770826MCHLNR71,AAST770828,SAML770826MCSNRT84,76 (2016 - 2022),Femenino,1998-12-18,Mexicano,CIUDAD DE MEXICO,Erik Puente,Lucas Campillo,Maria Amparo Garcia,Escuela Oficial Rural Mixta NINOS HEROES,CIENCIAS SOCIALES Y ADMINISTRATIVAS,CIUDAD DE MEXICO,9.433783158,1.520298135,,NO,Alterofilia,Demetrio Sanchis,Juvenil,2022-06-03,Ciudad de Mexico,Matutino,,86.23974517,1.722993403,A-,NO,,NO,,NO,,NO,SI,SI,Ingenieria en sistemas computacionales,8.232017648,,0
5,5,nombre5,apellidoPaterno5,apellidoMaterno5,BACHILLERATO,CECYT,AAST770826MCHLNR72,AAST770829,SAML770826MCSNRT85,77 (2016 - 2022),Masculino,1998-12-19,Mexicano,GUANAJUATO,Erik Puente,Lucas Campillo,Maria Amparo Garcia,Escuela Oficial Rural Mixta NINOS HEROES,CIENCIAS MEDICO BIOLOGICAS,GUANAJUATO,4.502760064,3.53963558,,SI,Alterofilia,Demetrio Sanchis,Juvenil,2022-06-04,Ciudad de Mexico,Matutino,,87.64890829,1.655244575,AB+,NO,,NO,,NO,,SI,NO,SI,Ingenieria en sistemas computacionales,4.600744942,,0
6,6,nombre6,apellidoPaterno6,apellidoMaterno6,BACHILLERATO,CECYT,AAST770826MCHLNR73,AAST770830,SAML770826MCSNRT86,78 (2016 - 2022),Masculino,1998-12-20,Mexicano,SAN LUIS POTOSI,Erik Puente,Lucas Campillo,Maria Amparo Garcia,Escuela Oficial Rural Mixta NINOS HEROES,CIENCIAS MEDICO BIOLOGICAS,SAN LUIS POTOSI,8.506258895,8.501747234,,SI,Alterofilia,Demetrio Sanchis,Juvenil,2022-06-05,Ciudad de Mexico,Matutino,,90.10755806,1.895545907,AB+,NO,,NO,,NO,,NO,NO,SI,Ingenieria en sistemas computacionales,9.921019787,,0
7,7,nombre7,apellidoPaterno7,apellidoMaterno7,BACHILLERATO,CECYT,AAST770826MCHLNR74,AAST770831,SAML770826MCSNRT87,79 (2016 - 2022),Masculino,1998-12-21,Mexicano,VERACRUZ,Erik Puente,Lucas Campillo,Maria Amparo Garcia,Escuela Oficial Rural Mixta NINOS HEROES,CIENCIAS MEDICO BIOLOGICAS,VERACRUZ,9.067145736,7.291398657,,SI,Futbol,Demetrio Sanchis,Juvenil,2022-06-06,Ciudad de Mexico,Matutino,,75.39145935,1.827547299,AB+,NO,,NO,,NO,,NO,NO,SI,Ingenieria en sistemas computacionales,6.055418656,,0
8,8,nombre8,apellidoPaterno8,apellidoMaterno8,BACHILLERATO,CECYT,AAST770826MCHLNR75,AAST770832,SAML770826MCSNRT88,80 (2016 - 2022),Masculino,1998-12-22,Mexicano,MORELOS,Erik Puente,Lucas Campillo,Maria Amparo Garcia,Escuela Oficial Rural Mixta NINOS HEROES,CIENCIAS SOCIALES Y ADMINISTRATIVAS,MORELOS,2.06641607,4.938350343,,SI,Futbol,Demetrio Sanchis,Juvenil,2022-06-07,Ciudad de Mexico,Matutino,,81.7575024,1.858756357,O+,NO,,NO,,NO,,SI,NO,SI,Ingenieria en sistemas computacionales,8.12157486,,0
9,9,nombre9,apellidoPaterno9,apellidoMaterno9,BACHILLERATO,CECYT,AAST770826MCHLNR76,AAST770833,SAML770826MCSNRT89,81 (2016 - 2022),Masculino,1998-12-23,Mexicano,HIDALGO,Erik Puente,Lucas Campillo,Maria Amparo Garcia,Escuela Oficial Rural Mixta NINOS HEROES,INGENIERIA Y CIENCIAS FISICO MATEMATICA,HIDALGO,5.163341627,7.65909958,,SI,Futbol,Demetrio Sanchis,Juvenil,2022-06-08,Ciudad de Mexico,Matutino,,84.33676429,1.735964776,O+,NO,,NO,,NO,,SI,NO,SI,Ingenieria en sistemas computacionales,1.780843712,,0
10,10,nombre10,apellidoPaterno10,apellidoMaterno10,BACHILLERATO,CECYT,AAST770826MCHLNR77,AAST770834,SAML770826MCSNRT90,82 (2016 - 2022),Masculino,1998-12-24,Mexicano,ESTADO DE MEXICO,Erik Puente,Lucas Campillo,Maria Amparo Garcia,Escuela Oficial Rural Mixta NINOS HEROES,INGENIERIA Y CIENCIAS FISICO MATEMATICA,ESTADO DE MEXICO,3.972066425,7.041339955,,SI,Futbol,Demetrio Sanchis,Juvenil,2022-06-09,Ciudad de Mexico,Vespertino,,86.64053425,1.920818915,O+,NO,,NO,,NO,,SI,NO,SI,Ingenieria en sistemas computacionales,3.548319075,,0
11,11,nombre11,apellidoPaterno11,apellidoMaterno11,BACHILLERATO,CECYT,AAST770826MCHLNR78,AAST770835,SAML770826MCSNRT91,83 (2016 - 2022),Masculino,1998-12-25,Mexicano,TLAXCALA,Erik Puente,Lucas Campillo,Maria Amparo Garcia,Escuela Oficial Rural Mixta NINOS HEROES,CIENCIAS MEDICO BIOLOGICAS,TLAXCALA,3.104340839,0.390615766,,SI,Alterofilia,Demetrio Sanchis,Juvenil,2022-06-10,Ciudad de Mexico,Vespertino,,76.35412524,1.948573057,O+,NO,,NO,,NO,,SI,NO,NO,Ingenieria en sistemas computacionales,5.379341365,,0
12,12,nombre12,apellidoPaterno12,apellidoMaterno12,BACHILLERATO,CECYT,AAST770826MCHLNR79,AAST770836,SAML770826MCSNRT92,84 (2016 - 2022),Masculino,1998-12-26,Mexicano,SINALOA,Erik Puente,Lucas Campillo,Maria Amparo Garcia,Escuela Oficial Rural Mixta NINOS HEROES,CIENCIAS SOCIALES Y ADMINISTRATIVAS,SINALOA,0.054327925,7.503072386,,SI,Alterofilia,Demetrio Sanchis,Juvenil,2022-06-11,Ciudad de Mexico,Vespertino,,91.57816377,1.772159809,O+,NO,,NO,,NO,,SI,SI,SI,Ingenieria en sistemas computacionales,6.536530189,,0
13,13,nombre13,apellidoPaterno13,apellidoMaterno13,BACHILLERATO,CECYT,AAST770826MCHLNR80,AAST770837,SAML770826MCSNRT93,85 (2016 - 2022),Femenino,1998-12-27,Mexicano,MICHOACAN,Erik Puente,Lucas Campillo,Maria Amparo Garcia,Escuela Oficial Rural Mixta NINOS HEROES,CIENCIAS MEDICO BIOLOGICAS,MICHOACAN,3.761648447,8.348713393,,SI,Alterofilia,Demetrio Sanchis,Juvenil,2022-06-12,Ciudad de Mexico,Vespertino,,82.58983759,1.741056793,O+,NO,,NO,,NO,,SI,SI,SI,Ingenieria en sistemas computacionales,2.020282988,,0
14,14,nombre14,apellidoPaterno14,apellidoMaterno14,BACHILLERATO,CECYT,AAST770826MCHLNR81,AAST770838,SAML770826MCSNRT94,86 (2016 - 2022),Femenino,1998-12-28,Mexicano,ESTADO DE MEXICO,Erik Puente,Lucas Campillo,Maria Amparo Garcia,Escuela Oficial Rural Mixta NINOS HEROES,CIENCIAS SOCIALES Y ADMINISTRATIVAS,ESTADO DE MEXICO,1.668861223,8.430336376,,SI,Alterofilia,Demetrio Sanchis,Juvenil,2022-06-13,Ciudad de Mexico,Matutino,,87.05959747,1.624433303,O+,NO,,NO,,NO,,SI,SI,SI,Ingenieria en sistemas computacionales,5.446528544,,0
15,15,nombre15,apellidoPaterno15,apellidoMaterno15,BACHILLERATO,CECYT,AAST770826MCHLNR82,AAST770839,SAML770826MCSNRT95,87 (2016 - 2022),Masculino,1998-12-29,Mexicano,CIUDAD DE MEXICO,Erik Puente,Lucas Campillo,Maria Amparo Garcia,Escuela Oficial Rural Mixta NINOS HEROES,CIENCIAS SOCIALES Y ADMINISTRATIVAS,CIUDAD DE MEXICO,0.986423468,4.384033263,,NO,Alterofilia,Demetrio Sanchis,Juvenil,2022-06-14,Ciudad de Mexico,Matutino,,93.50687727,1.910334892,A-,NO,,NO,,NO,,SI,NO,SI,Ingenieria en sistemas computacionales,4.030593355,,0
16,16,nombre16,apellidoPaterno16,apellidoMaterno16,BACHILLERATO,CECYT,AAST770826MCHLNR83,AAST770840,SAML770826MCSNRT96,88 (2016 - 2022),Masculino,1998-12-30,Mexicano,SAN LUIS POTOSI,Erik Puente,Lucas Campillo,Maria Amparo Garcia,Escuela Oficial Rural Mixta NINOS HEROES,INGENIERIA Y CIENCIAS FISICO MATEMATICA,SAN LUIS POTOSI,4.138777692,2.852949509,,NO,Alterofilia,Demetrio Sanchis,Juvenil,2022-06-15,Ciudad de Mexico,Matutino,,85.76621314,1.608260981,AB+,NO,,NO,,NO,,NO,NO,SI,Ingenieria en sistemas computacionales,2.263939458,,0
17,17,nombre17,apellidoPaterno17,apellidoMaterno17,BACHILLERATO,CECYT,AAST770826MCHLNR84,AAST770841,SAML770826MCSNRT97,89 (2016 - 2022),Masculino,1998-12-31,Mexicano,VERACRUZ,Erik Puente,Lucas Campillo,Maria Amparo Garcia,Escuela Oficial Rural Mixta NINOS HEROES,INGENIERIA Y CIENCIAS FISICO MATEMATICA,VERACRUZ,9.446129415,6.6020536,,NO,Alterofilia,Demetrio Sanchis,Juvenil,2022-06-16,Ciudad de Mexico,Matutino,,93.9427609,1.98087342,AB+,NO,,NO,,NO,,SI,NO,SI,Ingenieria en sistemas computacionales,0.313689611,,0
18,18,nombre18,apellidoPaterno18,apellidoMaterno18,BACHILLERATO,CECYT,AAST770826MCHLNR85,AAST770842,SAML770826MCSNRT98,90 (2016 - 2022),Masculino,1999-01-01,Mexicano,PUEBLA,Erik Puente,Lucas Campillo,Maria Amparo Garcia,Escuela Oficial Rural Mixta NINOS HEROES,INGENIERIA Y CIENCIAS FISICO MATEMATICA,PUEBLA,3.433460112,6.902481203,,NO,Alterofilia,Demetrio Sanchis,Juvenil,2022-06-17,Ciudad de Mexico,Matutino,,94.69686221,1.748325512,AB+,NO,,NO,,NO,,NO,NO,SI,Ingenieria en sistemas computacionales,2.921156406,,0
19,19,nombre19,apellidoPaterno19,apellidoMaterno19,BACHILLERATO,CECYT,AAST770826MCHLNR86,AAST770843,SAML770826MCSNRT99,91 (2016 - 2022),Masculino,1999-01-02,Mexicano,CHIHUAHUA,Erik Puente,Lucas Campillo,Maria Amparo Garcia,Escuela Oficial Rural Mixta NINOS HEROES,INGENIERIA Y CIENCIAS FISICO MATEMATICA,CHIHUAHUA,9.992572752,9.186617771,,NO,Alterofilia,Demetrio Sanchis,Juvenil,2022-06-18,Ciudad de Mexico,Matutino,,85.79667338,1.756442454,AB+,NO,,NO,,NO,,NO,SI,SI,Ingenieria en sistemas computacionales,9.605348906,,0
20,20,nombre20,apellidoPaterno20,apellidoMaterno20,BACHILLERATO,CECYT,AAST770826MCHLNR87,AAST770844,SAML770826MCSNRT100,92 (2016 - 2022),Masculino,1999-01-03,Mexicano,NUEVO LEON,Erik Puente,Lucas Campillo,Maria Amparo Garcia,Escuela Oficial Rural Mixta NINOS HEROES,INGENIERIA Y CIENCIAS FISICO MATEMATICA,NUEVO LEON,2.617895661,5.261764504,,NO,Natacion,Demetrio Sanchis,Juvenil,2022-06-19,Ciudad de Mexico,Matutino,,84.14848514,1.910947355,AB+,NO,,NO,,NO,,SI,SI,NO,Ingenieria en sistemas computacionales,4.873051412,,0
21,21,nombre21,apellidoPaterno21,apellidoMaterno21,BACHILLERATO,CECYT,AAST770826MCHLNR88,AAST770845,SAML770826MCSNRT101,93 (2016 - 2022),Femenino,1999-01-04,Mexicano,BAJA CALIFORNIA SUR,Erik Puente,Lucas Campillo,Maria Amparo Garcia,Escuela Oficial Rural Mixta NINOS HEROES,CIENCIAS MEDICO BIOLOGICAS,BAJA CALIFORNIA SUR,4.483805252,6.395075161,,NO,Natacion,Demetrio Sanchis,Juvenil,2022-06-20,Ciudad de Mexico,Matutino,,84.85827951,1.608201815,AB+,NO,,NO,,NO,,SI,NO,SI,Ingenieria en sistemas computacionales,7.76986098,,0
22,22,nombre22,apellidoPaterno22,apellidoMaterno22,BACHILLERATO,CECYT,AAST770826MCHLNR89,AAST770846,SAML770826MCSNRT102,94 (2016 - 2022),Femenino,1999-01-05,Mexicano,ZACATECAS,Erik Puente,Lucas Campillo,Maria Amparo Garcia,Escuela Oficial Rural Mixta NINOS HEROES,CIENCIAS MEDICO BIOLOGICAS,ZACATECAS,9.707253462,9.156073543,,NO,Natacion,Demetrio Sanchis,Juvenil,2022-06-21,Ciudad de Mexico,Matutino,,94.53628684,1.682308827,A-,NO,,NO,,NO,,SI,NO,SI,Ingenieria en sistemas computacionales,0.384895328,,0
23,23,nombre23,apellidoPaterno23,apellidoMaterno23,BACHILLERATO,CECYT,AAST770826MCHLNR90,AAST770847,SAML770826MCSNRT103,95 (2016 - 2022),Femenino,1999-01-06,Mexicano,JALISCO,Erik Puente,Lucas Campillo,Maria Amparo Garcia,Escuela Oficial Rural Mixta NINOS HEROES,CIENCIAS MEDICO BIOLOGICAS,JALISCO,3.634700104,0.426064103,,NO,Futbol,Demetrio Sanchis,Juvenil,2022-06-22,Ciudad de Mexico,Matutino,,90.31970453,1.927339333,A-,NO,,NO,,NO,,SI,NO,SI,Ingenieria en sistemas computacionales,9.938643917,,0
24,24,nombre24,apellidoPaterno24,apellidoMaterno24,BACHILLERATO,CECYT,AAST770826MCHLNR91,AAST770848,SAML770826MCSNRT104,96 (2016 - 2022),Femenino,1999-01-07,Mexicano,MICHOACAN,Erik Puente,Lucas Campillo,Maria Amparo Garcia,Escuela Oficial Rural Mixta NINOS HEROES,INGENIERIA Y CIENCIAS FISICO MATEMATICA,MICHOACAN,4.870067831,4.918490442,,NO,Futbol,Demetrio Sanchis,Juvenil,2022-06-23,Ciudad de Mexico,Matutino,,85.71998747,1.751001979,A-,NO,,NO,,NO,,NO,NO,SI,Ingenieria en sistemas computacionales,9.768829867,,0
25,25,nombre25,apellidoPaterno25,apellidoMaterno25,BACHILLERATO,CECYT,AAST770826MCHLNR92,AAST770849,SAML770826MCSNRT105,97 (2016 - 2022),Femenino,1999-01-08,Mexicano,AGUASCALIENTES,Erik Puente,Lucas Campillo,Maria Amparo Garcia,Escuela Oficial Rural Mixta NINOS HEROES,INGENIERIA Y CIENCIAS FISICO MATEMATICA,AGUASCALIENTES,1.942659345,2.987558973,,SI,Futbol,Demetrio Sanchis,Juvenil,2022-06-24,Ciudad de Mexico,Matutino,,77.39119436,1.628876798,A-,NO,,NO,,NO,,SI,NO,SI,Ingenieria en sistemas computacionales,4.398308862,,0
26,26,nombre26,apellidoPaterno26,apellidoMaterno26,BACHILLERATO,CECYT,AAST770826MCHLNR93,AAST770850,SAML770826MCSNRT106,98 (2016 - 2022),Femenino,1999-01-09,Mexicano,OAXACA,Erik Puente,Lucas Campillo,Maria Amparo Garcia,Escuela Oficial Rural Mixta NINOS HEROES,CIENCIAS MEDICO BIOLOGICAS,OAXACA,4.609826987,1.857402802,,SI,Futbol,Demetrio Sanchis,Juvenil,2022-06-25,Ciudad de Mexico,Matutino,,88.68325334,1.823033199,A-,NO,,NO,,NO,,NO,NO,SI,Ingenieria en sistemas computacionales,2.83393825,,0
27,27,nombre27,apellidoPaterno27,apellidoMaterno27,BACHILLERATO,CECYT,AAST770826MCHLNR94,AAST770851,SAML770826MCSNRT107,99 (2016 - 2022),Femenino,1999-01-10,Mexicano,GUERRERO,Erik Puente,Lucas Campillo,Maria Amparo Garcia,Escuela Oficial Rural Mixta NINOS HEROES,CIENCIAS MEDICO BIOLOGICAS,GUERRERO,4.663628755,9.447369425,,SI,Futbol,Demetrio Sanchis,Juvenil,2022-06-26,Ciudad de Mexico,Matutino,,80.0384038,1.904043174,A-,NO,,NO,,NO,,NO,NO,SI,Ingenieria en sistemas computacionales,4.173783663,,0
28,28,nombre28,apellidoPaterno28,apellidoMaterno28,BACHILLERATO,CECYT,AAST770826MCHLNR95,AAST770852,SAML770826MCSNRT108,100 (2016 - 2022),Femenino,1999-01-11,Mexicano,CHIAPAS,Erik Puente,Lucas Campillo,Maria Amparo Garcia,Escuela Oficial Rural Mixta NINOS HEROES,INGENIERIA Y CIENCIAS FISICO MATEMATICA,CHIAPAS,6.126568741,1.666928868,,SI,Futbol,Demetrio Sanchis,Juvenil,2022-06-27,Ciudad de Mexico,Matutino,,93.84557381,1.892035607,A-,NO,,NO,,NO,,SI,SI,SI,Ingenieria en sistemas computacionales,2.407969601,,0
29,29,nombre29,apellidoPaterno29,apellidoMaterno29,BACHILLERATO,CECYT,AAST770826MCHLNR96,AAST770853,SAML770826MCSNRT109,101 (2016 - 2022),Femenino,1999-01-12,Mexicano,QUINTANA ROO,Erik Puente,Lucas Campillo,Maria Amparo Garcia,Escuela Oficial Rural Mixta NINOS HEROES,INGENIERIA Y CIENCIAS FISICO MATEMATICA,QUINTANA ROO,8.318387112,3.151595749,,NO,Futbol,Demetrio Sanchis,Juvenil,2022-06-28,Ciudad de Mexico,Matutino,,77.51687447,1.834231387,A-,NO,,NO,,NO,,SI,SI,SI,Ingenieria en sistemas computacionales,8.611271958,,0
30,30,nombre30,apellidoPaterno30,apellidoMaterno30,BACHILLERATO,CECYT,AAST770826MCHLNR97,AAST770854,SAML770826MCSNRT110,102 (2016 - 2022),Femenino,1999-01-13,Mexicano,TABASCO,Erik Puente,Lucas Campillo,Maria Amparo Garcia,Escuela Oficial Rural Mixta NINOS HEROES,CIENCIAS SOCIALES Y ADMINISTRATIVAS,TABASCO,7.286331025,2.835346605,,NO,Futbol,Demetrio Sanchis,Juvenil,2022-06-29,Ciudad de Mexico,Matutino,,81.69199659,1.778192537,A-,NO,,NO,,NO,,SI,SI,SI,Ingenieria en sistemas computacionales,9.064528369,,0
31,31,nombre31,apellidoPaterno31,apellidoMaterno31,BACHILLERATO,CECYT,AAST770826MCHLNR98,AAST770855,SAML770826MCSNRT111,103 (2016 - 2022),Femenino,1999-01-14,Mexicano,SAN LUIS POTOSI,Erik Puente,Lucas Campillo,Maria Amparo Garcia,Escuela Oficial Rural Mixta NINOS HEROES,CIENCIAS SOCIALES Y ADMINISTRATIVAS,SAN LUIS POTOSI,3.227964222,7.460985603,,NO,Futbol,Demetrio Sanchis,Juvenil,2022-06-30,Ciudad de Mexico,Matutino,,83.59956634,1.833593653,AB+,NO,,NO,,NO,,SI,NO,SI,Ingenieria en sistemas computacionales,6.419934684,,0
32,32,nombre32,apellidoPaterno32,apellidoMaterno32,BACHILLERATO,CECYT,AAST770826MCHLNR99,AAST770856,SAML770826MCSNRT112,104 (2016 - 2022),Femenino,1999-01-15,Mexicano,DURANGO,Erik Puente,Lucas Campillo,Maria Amparo Garcia,Escuela Oficial Rural Mixta NINOS HEROES,CIENCIAS SOCIALES Y ADMINISTRATIVAS,DURANGO,5.633668027,0.645064769,,NO,Futbol,Demetrio Sanchis,Juvenil,2022-07-01,Ciudad de Mexico,Matutino,,78.74236016,1.762800131,AB+,NO,,NO,,NO,,SI,NO,NO,Ingenieria en sistemas computacionales,1.261394816,,0
33,33,nombre33,apellidoPaterno33,apellidoMaterno33,BACHILLERATO,CECYT,AAST770826MCHLNR100,AAST770857,SAML770826MCSNRT113,105 (2016 - 2022),Femenino,1999-01-16,Mexicano,BAJA CALIFORNIA NORTE,Erik Puente,Lucas Campillo,Maria Amparo Garcia,Escuela Oficial Rural Mixta NINOS HEROES,CIENCIAS MEDICO BIOLOGICAS,BAJA CALIFORNIA NORTE,2.495733373,6.442021469,,NO,Futbol,Demetrio Sanchis,Juvenil,2022-07-02,Ciudad de Mexico,Vespertino,,86.55811545,1.841872757,A-,NO,,NO,,NO,,SI,NO,SI,Ingenieria en sistemas computacionales,1.281932272,,0
34,34,nombre34,apellidoPaterno34,apellidoMaterno34,BACHILLERATO,CECYT,AAST770826MCHLNR101,AAST770858,SAML770826MCSNRT114,106 (2016 - 2022),Femenino,1999-01-17,Mexicano,CIUDAD DE MEXICO,Erik Puente,Lucas Campillo,Maria Amparo Garcia,Escuela Oficial Rural Mixta NINOS HEROES,CIENCIAS MEDICO BIOLOGICAS,CIUDAD DE MEXICO,4.715080947,2.040271444,,NO,Futbol,Demetrio Sanchis,Juvenil,2022-07-03,Ciudad de Mexico,Vespertino,,82.33921966,1.734761722,A-,NO,,NO,,NO,,NO,NO,NO,Ingenieria en sistemas computacionales,2.142640553,,0
35,35,nombre35,apellidoPaterno35,apellidoMaterno35,BACHILLERATO,CECYT,AAST770826MCHLNR102,AAST770859,SAML770826MCSNRT115,107 (2016 - 2022),Femenino,1999-01-18,Mexicano,SAN LUIS POTOSI,Erik Puente,Lucas Campillo,Maria Amparo Garcia,Escuela Oficial Rural Mixta NINOS HEROES,CIENCIAS MEDICO BIOLOGICAS,SAN LUIS POTOSI,3.95264121,2.511286364,,NO,Futbol,Demetrio Sanchis,Juvenil,2022-07-04,Ciudad de Mexico,Vespertino,,92.49115849,1.775997617,A-,NO,,NO,,NO,,SI,NO,SI,Ingenieria en sistemas computacionales,0.225693656,,0
36,36,nombre36,apellidoPaterno36,apellidoMaterno36,BACHILLERATO,CECYT,AAST770826MCHLNR103,AAST770860,SAML770826MCSNRT116,108 (2016 - 2022),Femenino,1999-01-19,Mexicano,VERACRUZ,Erik Puente,Lucas Campillo,Maria Amparo Garcia,Escuela Oficial Rural Mixta NINOS HEROES,CIENCIAS MEDICO BIOLOGICAS,VERACRUZ,0.766553908,2.270573193,,SI,Futbol,Demetrio Sanchis,Juvenil,2022-07-05,Ciudad de Mexico,Vespertino,,79.14264624,1.712622448,A-,NO,,NO,,NO,,NO,NO,SI,Ingenieria en sistemas computacionales,2.252968489,,0
37,37,nombre37,apellidoPaterno37,apellidoMaterno37,BACHILLERATO,CECYT,AAST770826MCHLNR104,AAST770861,SAML770826MCSNRT117,109 (2016 - 2022),Femenino,1999-01-20,Mexicano,PUEBLA,Erik Puente,Lucas Campillo,Maria Amparo Garcia,Escuela Oficial Rural Mixta NINOS HEROES,CIENCIAS MEDICO BIOLOGICAS,PUEBLA,5.550923314,6.305208815,,SI,Futbol,Demetrio Sanchis,Juvenil,2022-07-06,Ciudad de Mexico,Vespertino,,78.06111414,1.880922956,O+,NO,,NO,,NO,,NO,NO,SI,Ingenieria en sistemas computacionales,6.161849718,,0
38,38,nombre38,apellidoPaterno38,apellidoMaterno38,BACHILLERATO,CECYT,AAST770826MCHLNR105,AAST770862,SAML770826MCSNRT118,110 (2016 - 2022),Femenino,1999-01-21,Mexicano,ZACATECAS,Erik Puente,Lucas Campillo,Maria Amparo Garcia,Escuela Oficial Rural Mixta NINOS HEROES,CIENCIAS SOCIALES Y ADMINISTRATIVAS,ZACATECAS,3.230669175,7.955000436,,SI,Futbol,Demetrio Sanchis,Juvenil,2022-07-07,Ciudad de Mexico,Vespertino,,75.60367952,1.785236545,O+,NO,,NO,,NO,,SI,SI,SI,Ingenieria en sistemas computacionales,1.41965858,,0
39,39,nombre39,apellidoPaterno39,apellidoMaterno39,BACHILLERATO,CECYT,AAST770826MCHLNR106,AAST770863,SAML770826MCSNRT119,111 (2016 - 2022),Masculino,1999-01-22,Mexicano,JALISCO,Erik Puente,Lucas Campillo,Maria Amparo Garcia,Escuela Oficial Rural Mixta NINOS HEROES,CIENCIAS SOCIALES Y ADMINISTRATIVAS,JALISCO,2.363638626,6.310559162,,NO,Futbol,Demetrio Sanchis,Juvenil,2022-07-08,Ciudad de Mexico,Vespertino,,89.91474945,1.782610438,O+,NO,,NO,,NO,,SI,SI,SI,Ingenieria en sistemas computacionales,9.225818273,,0
40,40,nombre40,apellidoPaterno40,apellidoMaterno40,BACHILLERATO,CECYT,AAST770826MCHLNR107,AAST770864,SAML770826MCSNRT120,112 (2016 - 2022),Masculino,1999-01-23,Mexicano,PUEBLA,Erik Puente,Lucas Campillo,Maria Amparo Garcia,Escuela Oficial Rural Mixta NINOS HEROES,CIENCIAS SOCIALES Y ADMINISTRATIVAS,PUEBLA,0.735382743,7.787020883,,NO,Futbol,Demetrio Sanchis,Juvenil,2022-07-09,Ciudad de Mexico,Vespertino,,77.01957438,1.806647844,O+,NO,,NO,,NO,,SI,NO,SI,Ingenieria en sistemas computacionales,7.409104351,,0
41,41,nombre41,apellidoPaterno41,apellidoMaterno41,BACHILLERATO,CECYT,AAST770826MCHLNR108,AAST770865,SAML770826MCSNRT121,113 (2016 - 2022),Femenino,1999-01-24,Mexicano,ESTADO DE MEXICO,Erik Puente,Lucas Campillo,Maria Amparo Garcia,Escuela Oficial Rural Mixta NINOS HEROES,CIENCIAS SOCIALES Y ADMINISTRATIVAS,ESTADO DE MEXICO,3.859994938,8.831059451,,NO,Natacion,Demetrio Sanchis,Juvenil,2022-07-10,Ciudad de Mexico,Vespertino,,81.38794369,1.693712507,O+,NO,,NO,,NO,,SI,NO,SI,Ingenieria en sistemas computacionales,9.719237709,,0
42,42,nombre42,apellidoPaterno42,apellidoMaterno42,BACHILLERATO,CECYT,AAST770826MCHLNR109,AAST770866,SAML770826MCSNRT122,114 (2016 - 2022),Femenino,1999-01-25,Mexicano,MORELOS,Erik Puente,Lucas Campillo,Maria Amparo Garcia,Escuela Oficial Rural Mixta NINOS HEROES,INGENIERIA Y CIENCIAS FISICO MATEMATICA,MORELOS,3.452155759,1.787273188,,NO,Natacion,Demetrio Sanchis,Juvenil,2022-07-11,Ciudad de Mexico,Vespertino,,83.327172,1.736143438,O+,NO,,NO,,NO,,SI,NO,NO,Ingenieria en sistemas computacionales,2.735347736,,0
43,43,nombre43,apellidoPaterno43,apellidoMaterno43,BACHILLERATO,CECYT,AAST770826MCHLNR110,AAST770867,SAML770826MCSNRT123,115 (2016 - 2022),Femenino,1999-01-26,Mexicano,HIDALGO,Erik Puente,Lucas Campillo,Maria Amparo Garcia,Escuela Oficial Rural Mixta NINOS HEROES,INGENIERIA Y CIENCIAS FISICO MATEMATICA,HIDALGO,1.176872285,1.112312253,,NO,Natacion,Demetrio Sanchis,Juvenil,2022-07-12,Ciudad de Mexico,Vespertino,,93.48583504,1.859018049,O+,NO,,NO,,NO,,SI,NO,SI,Ingenieria en sistemas computacionales,2.772695304,,0
44,44,nombre44,apellidoPaterno44,apellidoMaterno44,BACHILLERATO,CECYT,AAST770826MCHLNR111,AAST770868,SAML770826MCSNRT124,116 (2016 - 2022),Femenino,1999-01-27,Mexicano,MORELOS,Erik Puente,Lucas Campillo,Maria Amparo Garcia,Escuela Oficial Rural Mixta NINOS HEROES,INGENIERIA Y CIENCIAS FISICO MATEMATICA,MORELOS,3.586597958,9.182111453,,NO,Natacion,Demetrio Sanchis,Juvenil,2022-07-13,Ciudad de Mexico,Matutino,,80.94217189,1.966717159,O+,NO,,NO,,NO,,SI,NO,NO,Ingenieria en sistemas computacionales,7.563689482,,0
45,45,nombre45,apellidoPaterno45,apellidoMaterno45,BACHILLERATO,CECYT,AAST770826MCHLNR112,AAST770869,SAML770826MCSNRT125,117 (2016 - 2022),Femenino,1999-01-28,Mexicano,CIUDAD DE MEXICO,Erik Puente,Lucas Campillo,Maria Amparo Garcia,Escuela Oficial Rural Mixta NINOS HEROES,INGENIERIA Y CIENCIAS FISICO MATEMATICA,CIUDAD DE MEXICO,1.219516316,5.824217573,,NO,Natacion,Demetrio Sanchis,Juvenil,2022-07-14,Ciudad de Mexico,Matutino,,92.0695564,1.857287685,A-,NO,,NO,,NO,,SI,NO,NO,Ingenieria en sistemas computacionales,9.354910288,,0
46,46,nombre46,apellidoPaterno46,apellidoMaterno46,BACHILLERATO,CECYT,AAST770826MCHLNR113,AAST770870,SAML770826MCSNRT126,118 (2016 - 2022),Femenino,1999-01-29,Mexicano,ZACATECAS,Erik Puente,Lucas Campillo,Maria Amparo Garcia,Escuela Oficial Rural Mixta NINOS HEROES,INGENIERIA Y CIENCIAS FISICO MATEMATICA,ZACATECAS,9.477578268,9.518080485,,NO,Natacion,Demetrio Sanchis,Juvenil,2022-07-15,Ciudad de Mexico,Matutino,,91.81415777,1.794556017,A-,NO,,NO,,NO,,SI,NO,SI,Ingenieria en sistemas computacionales,0.429994273,,0
47,47,nombre47,apellidoPaterno47,apellidoMaterno47,BACHILLERATO,CECYT,AAST770826MCHLNR114,AAST770871,SAML770826MCSNRT127,119 (2016 - 2022),Femenino,1999-01-30,Mexicano,NUEVO LEON,Erik Puente,Lucas Campillo,Maria Amparo Garcia,Escuela Oficial Rural Mixta NINOS HEROES,CIENCIAS MEDICO BIOLOGICAS,NUEVO LEON,2.802910845,0.956416885,,SI,Alterofilia,Demetrio Sanchis,Juvenil,2022-07-16,Ciudad de Mexico,Vespertino,,79.36743827,1.789716439,AB+,NO,,NO,,NO,,NO,SI,SI,Ingenieria en sistemas computacionales,2.989591768,,0
48,48,nombre48,apellidoPaterno48,apellidoMaterno48,BACHILLERATO,CECYT,AAST770826MCHLNR115,AAST770872,SAML770826MCSNRT128,120 (2016 - 2022),Femenino,1999-01-31,Mexicano,TABASCO,Erik Puente,Lucas Campillo,Maria Amparo Garcia,Escuela Oficial Rural Mixta NINOS HEROES,CIENCIAS MEDICO BIOLOGICAS,TABASCO,1.67425338,0.110104431,,SI,Alterofilia,Demetrio Sanchis,Juvenil,2022-07-17,Ciudad de Mexico,Vespertino,,81.35393891,1.974116815,AB+,NO,,NO,,NO,,SI,SI,SI,Ingenieria en sistemas computacionales,3.852432371,,0
49,49,nombre49,apellidoPaterno49,apellidoMaterno49,BACHILLERATO,CECYT,AAST770826MCHLNR116,AAST770873,SAML770826MCSNRT129,121 (2016 - 2022),Femenino,1999-02-01,Mexicano,VERACRUZ,Erik Puente,Lucas Campillo,Maria Amparo Garcia,Escuela Oficial Rural Mixta NINOS HEROES,CIENCIAS MEDICO BIOLOGICAS,VERACRUZ,6.97442408,6.637732362,,SI,Alterofilia,Demetrio Sanchis,Juvenil,2022-07-18,Ciudad de Mexico,Matutino,,75.66860813,1.719747132,AB+,NO,,NO,,NO,,NO,SI,SI,Ingenieria en sistemas computacionales,6.510905698,,0
50,50,nombre50,apellidoPaterno50,apellidoMaterno50,BACHILLERATO,CECYT,AAST770826MCHLNR117,AAST770874,SAML770826MCSNRT130,122 (2016 - 2022),Femenino,1999-02-02,Mexicano,BAJA CALIFORNIA SUR,Erik Puente,Lucas Campillo,Maria Amparo Garcia,Escuela Oficial Rural Mixta NINOS HEROES,CIENCIAS MEDICO BIOLOGICAS,BAJA CALIFORNIA SUR,3.365708953,7.882458615,,SI,Natacion,Demetrio Sanchis,Juvenil,2022-07-19,Ciudad de Mexico,Matutino,,91.64441108,1.626037603,AB+,NO,,NO,,NO,,NO,NO,SI,Ingenieria en sistemas computacionales,1.987354111,,0
51,51,nombre51,apellidoPaterno51,apellidoMaterno51,BACHILLERATO,CECYT,AAST770826MCHLNR118,AAST770875,SAML770826MCSNRT131,123 (2016 - 2022),Femenino,1999-02-03,Mexicano,PUEBLA,Erik Puente,Lucas Campillo,Maria Amparo Garcia,Escuela Oficial Rural Mixta NINOS HEROES,CIENCIAS MEDICO BIOLOGICAS,PUEBLA,9.093341882,8.850364572,,SI,Natacion,Demetrio Sanchis,Juvenil,2022-07-20,Ciudad de Mexico,Matutino,,76.73033211,1.713440548,A-,NO,,NO,,NO,,SI,NO,SI,Ingenieria en sistemas computacionales,5.143661718,,0
52,52,nombre52,apellidoPaterno52,apellidoMaterno52,BACHILLERATO,CECYT,AAST770826MCHLNR119,AAST770876,SAML770826MCSNRT132,124 (2016 - 2022),Femenino,1999-02-04,Mexicano,CHIHUAHUA,Erik Puente,Lucas Campillo,Maria Amparo Garcia,Escuela Oficial Rural Mixta NINOS HEROES,CIENCIAS SOCIALES Y ADMINISTRATIVAS,CHIHUAHUA,1.323844589,2.806428499,,SI,Natacion,Demetrio Sanchis,Juvenil,2022-07-21,Ciudad de Mexico,Vespertino,,75.29746382,1.90290692,A-,NO,,NO,,NO,,SI,NO,SI,Ingenieria en sistemas computacionales,3.376643191,,0
53,53,nombre53,apellidoPaterno53,apellidoMaterno53,BACHILLERATO,CECYT,AAST770826MCHLNR120,AAST770877,SAML770826MCSNRT133,125 (2016 - 2022),Femenino,1999-02-05,Mexicano,CHIAPAS,Erik Puente,Lucas Campillo,Maria Amparo Garcia,Escuela Oficial Rural Mixta NINOS HEROES,CIENCIAS SOCIALES Y ADMINISTRATIVAS,CHIAPAS,8.43670304,4.114186721,,SI,Natacion,Demetrio Sanchis,Juvenil,2022-07-22,Ciudad de Mexico,Vespertino,,89.76800347,1.909298907,A-,NO,,NO,,NO,,SI,NO,SI,Ingenieria en sistemas computacionales,6.898197063,,0
54,54,nombre54,apellidoPaterno54,apellidoMaterno54,BACHILLERATO,CECYT,AAST770826MCHLNR121,AAST770878,SAML770826MCSNRT134,126 (2016 - 2022),Femenino,1999-02-06,Mexicano,OAXACA,Erik Puente,Lucas Campillo,Maria Amparo Garcia,Escuela Oficial Rural Mixta NINOS HEROES,CIENCIAS MEDICO BIOLOGICAS,OAXACA,9.282086265,7.166257611,,SI,Natacion,Demetrio Sanchis,Juvenil,2022-07-23,Ciudad de Mexico,Vespertino,,77.05218042,1.831246606,A-,NO,,NO,,NO,,SI,NO,SI,Ingenieria en sistemas computacionales,9.039921451,,0
55,55,nombre55,apellidoPaterno55,apellidoMaterno55,BACHILLERATO,CECYT,AAST770826MCHLNR122,AAST770879,SAML770826MCSNRT135,127 (2016 - 2022),Femenino,1999-02-07,Mexicano,GUERRERO,Erik Puente,Lucas Campillo,Maria Amparo Garcia,Escuela Oficial Rural Mixta NINOS HEROES,CIENCIAS SOCIALES Y ADMINISTRATIVAS,GUERRERO,3.860477449,8.048206885,,SI,Natacion,Demetrio Sanchis,Juvenil,2022-07-24,Ciudad de Mexico,Vespertino,,92.61177949,1.697623039,A-,NO,,NO,,NO,,SI,NO,SI,Ingenieria en sistemas computacionales,7.142615032,,0
56,56,nombre56,apellidoPaterno56,apellidoMaterno56,BACHILLERATO,CECYT,AAST770826MCHLNR123,AAST770880,SAML770826MCSNRT136,128 (2016 - 2022),Femenino,1999-02-08,Mexicano,MORELOS,Erik Puente,Lucas Campillo,Maria Amparo Garcia,Escuela Oficial Rural Mixta NINOS HEROES,CIENCIAS SOCIALES Y ADMINISTRATIVAS,MORELOS,6.956950562,6.628868208,,SI,Natacion,Demetrio Sanchis,Juvenil,2022-07-25,Ciudad de Mexico,Vespertino,,78.30562702,1.679000678,O+,NO,,NO,,NO,,SI,NO,SI,Ingenieria en sistemas computacionales,7.97183122,,0
57,57,nombre57,apellidoPaterno57,apellidoMaterno57,BACHILLERATO,CECYT,AAST770826MCHLNR124,AAST770881,SAML770826MCSNRT137,129 (2016 - 2022),Femenino,1999-02-09,Mexicano,MICHOACAN,Erik Puente,Lucas Campillo,Maria Amparo Garcia,Escuela Oficial Rural Mixta NINOS HEROES,CIENCIAS MEDICO BIOLOGICAS,MICHOACAN,6.336763778,3.440513216,,SI,Basquetball,Demetrio Sanchis,Juvenil,2022-07-26,Ciudad de Mexico,Vespertino,,77.1532748,1.768642039,O+,NO,,NO,,NO,,SI,NO,SI,Ingenieria en sistemas computacionales,4.260181165,,0
58,58,nombre58,apellidoPaterno58,apellidoMaterno58,BACHILLERATO,CECYT,AAST770826MCHLNR125,AAST770882,SAML770826MCSNRT138,130 (2016 - 2022),Femenino,1999-02-10,Mexicano,ESTADO DE MEXICO,Erik Puente,Lucas Campillo,Maria Amparo Garcia,Escuela Oficial Rural Mixta NINOS HEROES,CIENCIAS MEDICO BIOLOGICAS,ESTADO DE MEXICO,9.340296392,0.498531767,,NO,Basquetball,Demetrio Sanchis,Juvenil,2022-07-27,Ciudad de Mexico,Vespertino,,86.88645374,1.83525963,O+,NO,,NO,,NO,,SI,SI,SI,Ingenieria en sistemas computacionales,4.620756148,,0
59,59,nombre59,apellidoPaterno59,apellidoMaterno59,BACHILLERATO,CECYT,AAST770826MCHLNR126,AAST770883,SAML770826MCSNRT139,131 (2016 - 2022),Femenino,1999-02-11,Mexicano,PUEBLA,Erik Puente,Lucas Campillo,Maria Amparo Garcia,Escuela Oficial Rural Mixta NINOS HEROES,CIENCIAS SOCIALES Y ADMINISTRATIVAS,PUEBLA,4.278638606,7.880038662,,NO,Basquetball,Demetrio Sanchis,Juvenil,2022-07-28,Ciudad de Mexico,Matutino,,91.14080053,1.88389034,AB+,NO,,NO,,NO,,NO,SI,SI,Ingenieria en sistemas computacionales,8.485520619,,0
60,60,nombre60,apellidoPaterno60,apellidoMaterno60,BACHILLERATO,CECYT,AAST770826MCHLNR127,AAST770884,SAML770826MCSNRT140,132 (2016 - 2022),Femenino,1999-02-12,Mexicano,SAN LUIS POTOSI,Erik Puente,Lucas Campillo,Maria Amparo Garcia,Escuela Oficial Rural Mixta NINOS HEROES,CIENCIAS SOCIALES Y ADMINISTRATIVAS,SAN LUIS POTOSI,9.309426252,8.313066228,,NO,Basquetball,Demetrio Sanchis,Juvenil,2022-07-29,Ciudad de Mexico,Matutino,,93.04748864,1.710302901,AB+,NO,,NO,,NO,,SI,NO,SI,Ingenieria en sistemas computacionales,3.136886408,,0
61,61,nombre61,apellidoPaterno61,apellidoMaterno61,BACHILLERATO,CECYT,AAST770826MCHLNR128,AAST770885,SAML770826MCSNRT141,133 (2016 - 2022),Masculino,1999-02-13,Mexicano,MICHOACAN,Erik Puente,Lucas Campillo,Maria Amparo Garcia,Escuela Oficial Rural Mixta NINOS HEROES,CIENCIAS SOCIALES Y ADMINISTRATIVAS,MICHOACAN,1.282881927,2.321840926,,NO,Basquetball,Demetrio Sanchis,Juvenil,2022-07-30,Ciudad de Mexico,Vespertino,,89.36574644,1.752354433,O+,NO,,NO,,NO,,NO,NO,SI,Ingenieria en sistemas computacionales,0.138852011,,0
62,62,nombre62,apellidoPaterno62,apellidoMaterno62,BACHILLERATO,CECYT,AAST770826MCHLNR129,AAST770886,SAML770826MCSNRT142,134 (2016 - 2022),Masculino,1999-02-14,Mexicano,SINALOA,Erik Puente,Lucas Campillo,Maria Amparo Garcia,Escuela Oficial Rural Mixta NINOS HEROES,INGENIERIA Y CIENCIAS FISICO MATEMATICA,SINALOA,6.55455715,4.207813388,,NO,Basquetball,Demetrio Sanchis,Juvenil,2022-07-31,Ciudad de Mexico,Vespertino,,88.66237413,1.858956255,O+,NO,,NO,,NO,,NO,NO,NO,Ingenieria en sistemas computacionales,7.280019658,,0
63,63,nombre63,apellidoPaterno63,apellidoMaterno63,BACHILLERATO,CECYT,AAST770826MCHLNR130,AAST770887,SAML770826MCSNRT143,135 (2016 - 2022),Femenino,1999-02-15,Mexicano,CIUDAD DE MEXICO,Erik Puente,Lucas Campillo,Maria Amparo Garcia,Escuela Oficial Rural Mixta NINOS HEROES,INGENIERIA Y CIENCIAS FISICO MATEMATICA,CIUDAD DE MEXICO,5.932427795,5.518920912,,NO,Basquetball,Demetrio Sanchis,Juvenil,2022-08-01,Ciudad de Mexico,Matutino,,91.25744986,1.962036724,O+,NO,,NO,,NO,,SI,NO,SI,Ingenieria en sistemas computacionales,0.749056492,,0
64,64,nombre64,apellidoPaterno64,apellidoMaterno64,BACHILLERATO,CECYT,AAST770826MCHLNR131,AAST770888,SAML770826MCSNRT144,136 (2016 - 2022),Femenino,1999-02-16,Mexicano,GUANAJUATO,Erik Puente,Lucas Campillo,Maria Amparo Garcia,Escuela Oficial Rural Mixta NINOS HEROES,INGENIERIA Y CIENCIAS FISICO MATEMATICA,GUANAJUATO,9.537830033,0.044411234,,SI,Basquetball,Demetrio Sanchis,Juvenil,2022-08-02,Ciudad de Mexico,Vespertino,,84.50720551,1.745501889,A-,NO,,NO,,NO,,SI,SI,NO,Ingenieria en sistemas computacionales,1.71965824,,0
65,65,nombre65,apellidoPaterno65,apellidoMaterno65,BACHILLERATO,CECYT,AAST770826MCHLNR132,AAST770889,SAML770826MCSNRT145,137 (2016 - 2022),Femenino,1999-02-17,Mexicano,SAN LUIS POTOSI,Erik Puente,Lucas Campillo,Maria Amparo Garcia,Escuela Oficial Rural Mixta NINOS HEROES,INGENIERIA Y CIENCIAS FISICO MATEMATICA,SAN LUIS POTOSI,6.582229929,0.36613483,,SI,Alterofilia,Demetrio Sanchis,Juvenil,2022-08-03,Ciudad de Mexico,Vespertino,,78.81996918,1.6964752,A-,NO,,NO,,NO,,SI,SI,NO,Ingenieria en sistemas computacionales,5.697345679,,0
66,66,nombre66,apellidoPaterno66,apellidoMaterno66,BACHILLERATO,CECYT,AAST770826MCHLNR133,AAST770890,SAML770826MCSNRT146,138 (2016 - 2022),Femenino,1999-02-18,Mexicano,VERACRUZ,Erik Puente,Lucas Campillo,Maria Amparo Garcia,Escuela Oficial Rural Mixta NINOS HEROES,CIENCIAS SOCIALES Y ADMINISTRATIVAS,VERACRUZ,0.038347893,2.606730796,,SI,Alterofilia,Demetrio Sanchis,Juvenil,2022-08-04,Ciudad de Mexico,Vespertino,,93.33942729,1.963546074,A-,NO,,NO,,NO,,SI,NO,NO,Ingenieria en sistemas computacionales,4.63269872,,0
67,67,nombre67,apellidoPaterno67,apellidoMaterno67,BACHILLERATO,CECYT,AAST770826MCHLNR134,AAST770891,SAML770826MCSNRT147,139 (2016 - 2022),Femenino,1999-02-19,Mexicano,MORELOS,Erik Puente,Lucas Campillo,Maria Amparo Garcia,Escuela Oficial Rural Mixta NINOS HEROES,CIENCIAS SOCIALES Y ADMINISTRATIVAS,MORELOS,5.503707472,3.93990967,,SI,Alterofilia,Demetrio Sanchis,Juvenil,2022-08-05,Ciudad de Mexico,Vespertino,,80.73097819,1.67283222,AB+,NO,,NO,,NO,,SI,NO,NO,Ingenieria en sistemas computacionales,9.812388128,,0
68,68,nombre68,apellidoPaterno68,apellidoMaterno68,BACHILLERATO,CECYT,AAST770826MCHLNR135,AAST770892,SAML770826MCSNRT148,140 (2016 - 2022),Femenino,1999-02-20,Mexicano,HIDALGO,Erik Puente,Lucas Campillo,Maria Amparo Garcia,Escuela Oficial Rural Mixta NINOS HEROES,CIENCIAS SOCIALES Y ADMINISTRATIVAS,HIDALGO,5.385336685,9.992440078,,SI,Basquetball,Demetrio Sanchis,Juvenil,2022-08-06,Ciudad de Mexico,Matutino,,79.66049434,1.723584554,AB+,NO,,NO,,NO,,SI,NO,SI,Ingenieria en sistemas computacionales,8.153555334,,0
69,69,nombre69,apellidoPaterno69,apellidoMaterno69,BACHILLERATO,CECYT,AAST770826MCHLNR136,AAST770893,SAML770826MCSNRT149,141 (2016 - 2022),Femenino,1999-02-21,Mexicano,TLAXCALA,Erik Puente,Lucas Campillo,Maria Amparo Garcia,Escuela Oficial Rural Mixta NINOS HEROES,CIENCIAS SOCIALES Y ADMINISTRATIVAS,TLAXCALA,6.497299161,4.823908941,,SI,Basquetball,Demetrio Sanchis,Juvenil,2022-08-07,Ciudad de Mexico,Matutino,,79.33130307,1.999413064,A-,NO,,NO,,NO,,SI,NO,SI,Ingenieria en sistemas computacionales,1.871315885,,0
70,70,nombre70,apellidoPaterno70,apellidoMaterno70,BACHILLERATO,CECYT,AAST770826MCHLNR137,AAST770894,SAML770826MCSNRT150,142 (2016 - 2022),Femenino,1999-02-22,Mexicano,SINALOA,Erik Puente,Lucas Campillo,Maria Amparo Garcia,Escuela Oficial Rural Mixta NINOS HEROES,CIENCIAS MEDICO BIOLOGICAS,SINALOA,4.752851324,9.918461454,,SI,Basquetball,Demetrio Sanchis,Juvenil,2022-08-08,Ciudad de Mexico,Matutino,,81.32423219,1.612220877,A-,NO,,NO,,NO,,NO,NO,SI,Ingenieria en sistemas computacionales,5.970967616,,0
71,71,nombre71,apellidoPaterno71,apellidoMaterno71,BACHILLERATO,CECYT,AAST770826MCHLNR138,AAST770895,SAML770826MCSNRT151,143 (2016 - 2022),Femenino,1999-02-23,Mexicano,MICHOACAN,Erik Puente,Lucas Campillo,Maria Amparo Garcia,Escuela Oficial Rural Mixta NINOS HEROES,CIENCIAS MEDICO BIOLOGICAS,MICHOACAN,0.174005874,6.197205507,,NO,Basquetball,Demetrio Sanchis,Juvenil,2022-08-09,Ciudad de Mexico,Vespertino,,76.74312988,1.626902121,A-,NO,,NO,,NO,,SI,NO,SI,Ingenieria en sistemas computacionales,1.967450822,,0
72,72,nombre72,apellidoPaterno72,apellidoMaterno72,BACHILLERATO,CECYT,AAST770826MCHLNR139,AAST770896,SAML770826MCSNRT152,144 (2016 - 2022),Femenino,1999-02-24,Mexicano,ESTADO DE MEXICO,Erik Puente,Lucas Campillo,Maria Amparo Garcia,Escuela Oficial Rural Mixta NINOS HEROES,CIENCIAS SOCIALES Y ADMINISTRATIVAS,ESTADO DE MEXICO,5.646640351,5.480134724,,NO,Basquetball,Demetrio Sanchis,Juvenil,2022-08-10,Ciudad de Mexico,Vespertino,,84.06822418,1.870050601,O+,NO,,NO,,NO,,NO,NO,SI,Ingenieria en sistemas computacionales,7.921622826,,0
73,73,nombre73,apellidoPaterno73,apellidoMaterno73,BACHILLERATO,CECYT,AAST770826MCHLNR140,AAST770897,SAML770826MCSNRT153,145 (2016 - 2022),Femenino,1999-02-25,Mexicano,CIUDAD DE MEXICO,Erik Puente,Lucas Campillo,Maria Amparo Garcia,Escuela Oficial Rural Mixta NINOS HEROES,CIENCIAS SOCIALES Y ADMINISTRATIVAS,CIUDAD DE MEXICO,9.678968753,8.342236341,,NO,Natacion,Demetrio Sanchis,Juvenil,2022-08-11,Ciudad de Mexico,Vespertino,,85.29053658,1.870384304,AB+,NO,,NO,,NO,,NO,SI,SI,Ingenieria en sistemas computacionales,1.107517347,,0
74,74,nombre74,apellidoPaterno74,apellidoMaterno74,BACHILLERATO,CECYT,AAST770826MCHLNR141,AAST770898,SAML770826MCSNRT154,146 (2016 - 2022),Femenino,1999-02-26,Mexicano,PUEBLA,Erik Puente,Lucas Campillo,Maria Amparo Garcia,Escuela Oficial Rural Mixta NINOS HEROES,CIENCIAS SOCIALES Y ADMINISTRATIVAS,PUEBLA,3.918595933,7.379616402,,NO,Natacion,Demetrio Sanchis,Juvenil,2022-08-12,Ciudad de Mexico,Vespertino,,88.2605995,1.990797586,AB+,NO,,NO,,NO,,SI,SI,SI,Ingenieria en sistemas computacionales,8.634632244,,0
75,75,nombre75,apellidoPaterno75,apellidoMaterno75,BACHILLERATO,CECYT,AAST770826MCHLNR142,AAST770899,SAML770826MCSNRT155,147 (2016 - 2022),Femenino,1999-02-27,Mexicano,MORELOS,Erik Puente,Lucas Campillo,Maria Amparo Garcia,Escuela Oficial Rural Mixta NINOS HEROES,CIENCIAS SOCIALES Y ADMINISTRATIVAS,MORELOS,8.433621377,7.553657894,,NO,Natacion,Demetrio Sanchis,Juvenil,2022-08-13,Ciudad de Mexico,Vespertino,,85.10955016,1.822236419,O+,NO,,NO,,NO,,SI,SI,SI,Ingenieria en sistemas computacionales,2.750639734,,0
76,76,nombre76,apellidoPaterno76,apellidoMaterno76,BACHILLERATO,CECYT,AAST770826MCHLNR143,AAST770900,SAML770826MCSNRT156,148 (2016 - 2022),Masculino,1999-02-28,Mexicano,HIDALGO,Erik Puente,Lucas Campillo,Maria Amparo Garcia,Escuela Oficial Rural Mixta NINOS HEROES,CIENCIAS SOCIALES Y ADMINISTRATIVAS,HIDALGO,5.702774216,7.736354413,,NO,Natacion,Demetrio Sanchis,Juvenil,2022-08-14,Ciudad de Mexico,Vespertino,,78.75671605,1.885882102,O+,NO,,NO,,NO,,SI,NO,SI,Ingenieria en sistemas computacionales,4.650345719,,0
77,77,nombre77,apellidoPaterno77,apellidoMaterno77,BACHILLERATO,CECYT,AAST770826MCHLNR144,AAST770901,SAML770826MCSNRT157,149 (2016 - 2022),Masculino,1999-03-01,Mexicano,MORELOS,Erik Puente,Lucas Campillo,Maria Amparo Garcia,Escuela Oficial Rural Mixta NINOS HEROES,CIENCIAS SOCIALES Y ADMINISTRATIVAS,MORELOS,3.956628158,5.197047251,,NO,Natacion,Demetrio Sanchis,Juvenil,2022-08-15,Ciudad de Mexico,Vespertino,,81.85976069,1.72965032,A-,NO,,NO,,NO,,SI,NO,NO,Ingenieria en sistemas computacionales,8.465675453,,0
78,78,nombre78,apellidoPaterno78,apellidoMaterno78,BACHILLERATO,CECYT,AAST770826MCHLNR145,AAST770902,SAML770826MCSNRT158,150 (2016 - 2022),Femenino,1999-03-02,Mexicano,CIUDAD DE MEXICO,Erik Puente,Lucas Campillo,Maria Amparo Garcia,Escuela Oficial Rural Mixta NINOS HEROES,INGENIERIA Y CIENCIAS FISICO MATEMATICA,CIUDAD DE MEXICO,3.456831169,1.768935615,,NO,Basquetball,Demetrio Sanchis,Juvenil,2022-08-16,Ciudad de Mexico,Vespertino,,94.27419602,1.814641997,A-,NO,,NO,,NO,,SI,NO,NO,Ingenieria en sistemas computacionales,3.095326304,,0
79,79,nombre79,apellidoPaterno79,apellidoMaterno79,BACHILLERATO,CECYT,AAST770826MCHLNR146,AAST770903,SAML770826MCSNRT159,151 (2016 - 2022),Femenino,1999-03-03,Mexicano,ZACATECAS,Erik Puente,Lucas Campillo,Maria Amparo Garcia,Escuela Oficial Rural Mixta NINOS HEROES,CIENCIAS MEDICO BIOLOGICAS,ZACATECAS,3.185179745,1.754933034,,NO,Basquetball,Demetrio Sanchis,Juvenil,2022-08-17,Ciudad de Mexico,Vespertino,,79.71548131,1.647548371,A-,NO,,NO,,NO,,SI,SI,NO,Ingenieria en sistemas computacionales,9.918421073,,0
80,80,nombre80,apellidoPaterno80,apellidoMaterno80,BACHILLERATO,CECYT,AAST770826MCHLNR147,AAST770904,SAML770826MCSNRT160,152 (2016 - 2022),Masculino,1999-03-04,Mexicano,NUEVO LEON,Erik Puente,Lucas Campillo,Maria Amparo Garcia,Escuela Oficial Rural Mixta NINOS HEROES,CIENCIAS SOCIALES Y ADMINISTRATIVAS,NUEVO LEON,3.605303882,9.95865942,,NO,Basquetball,Demetrio Sanchis,Juvenil,2022-08-18,Ciudad de Mexico,Vespertino,,90.73214188,1.637839598,A-,NO,,NO,,NO,,SI,SI,SI,Ingenieria en sistemas computacionales,0.548191526,,0
81,81,nombre81,apellidoPaterno81,apellidoMaterno81,BACHILLERATO,CECYT,AAST770826MCHLNR148,AAST770905,SAML770826MCSNRT161,153 (2016 - 2022),Masculino,1999-03-05,Mexicano,TABASCO,Erik Puente,Lucas Campillo,Maria Amparo Garcia,Escuela Oficial Rural Mixta NINOS HEROES,CIENCIAS SOCIALES Y ADMINISTRATIVAS,TABASCO,7.247326171,3.474827073,,NO,Basquetball,Demetrio Sanchis,Juvenil,2022-08-19,Ciudad de Mexico,Vespertino,,88.31335869,1.693594895,AB+,NO,,NO,,NO,,SI,NO,SI,Ingenieria en sistemas computacionales,4.299305084,,0
82,82,nombre82,apellidoPaterno82,apellidoMaterno82,BACHILLERATO,CECYT,AAST770826MCHLNR149,AAST770906,SAML770826MCSNRT162,154 (2016 - 2022),Femenino,1999-03-06,Mexicano,VERACRUZ,Erik Puente,Lucas Campillo,Maria Amparo Garcia,Escuela Oficial Rural Mixta NINOS HEROES,INGENIERIA Y CIENCIAS FISICO MATEMATICA,VERACRUZ,7.898570179,6.924840554,,NO,Basquetball,Demetrio Sanchis,Juvenil,2022-08-20,Ciudad de Mexico,Vespertino,,89.86041681,1.898515967,AB+,NO,,NO,,NO,,SI,NO,SI,Ingenieria en sistemas computacionales,9.240694342,,0
83,83,nombre83,apellidoPaterno83,apellidoMaterno83,BACHILLERATO,CECYT,AAST770826MCHLNR150,AAST770907,SAML770826MCSNRT163,155 (2016 - 2022),Femenino,1999-03-07,Mexicano,BAJA CALIFORNIA SUR,Erik Puente,Lucas Campillo,Maria Amparo Garcia,Escuela Oficial Rural Mixta NINOS HEROES,INGENIERIA Y CIENCIAS FISICO MATEMATICA,BAJA CALIFORNIA SUR,4.275946654,1.955495021,,NO,Basquetball,Demetrio Sanchis,Juvenil,2022-08-21,Ciudad de Mexico,Vespertino,,80.26120822,1.796018832,AB+,NO,,NO,,NO,,SI,NO,NO,Ingenieria en sistemas computacionales,9.558775069,,0
84,84,nombre84,apellidoPaterno84,apellidoMaterno84,BACHILLERATO,CECYT,AAST770826MCHLNR151,AAST770908,SAML770826MCSNRT164,156 (2016 - 2022),Femenino,1999-03-08,Mexicano,GUANAJUATO,Erik Puente,Lucas Campillo,Maria Amparo Garcia,Escuela Oficial Rural Mixta NINOS HEROES,CIENCIAS SOCIALES Y ADMINISTRATIVAS,GUANAJUATO,8.404774278,8.02421317,,NO,Alterofilia,Demetrio Sanchis,Juvenil,2022-08-22,Ciudad de Mexico,Vespertino,,82.40445107,1.898659108,AB+,NO,,NO,,NO,,NO,NO,NO,Ingenieria en sistemas computacionales,6.099429607,,0
85,85,nombre85,apellidoPaterno85,apellidoMaterno85,BACHILLERATO,CECYT,AAST770826MCHLNR152,AAST770909,SAML770826MCSNRT165,157 (2016 - 2022),Femenino,1999-03-09,Mexicano,SAN LUIS POTOSI,Erik Puente,Lucas Campillo,Maria Amparo Garcia,Escuela Oficial Rural Mixta NINOS HEROES,CIENCIAS SOCIALES Y ADMINISTRATIVAS,SAN LUIS POTOSI,5.845813909,2.050776987,,NO,Futbol,Demetrio Sanchis,Juvenil,2022-08-23,Ciudad de Mexico,Matutino,,80.63515541,1.781158676,AB+,NO,,NO,,NO,,SI,NO,NO,Ingenieria en sistemas computacionales,7.859671138,,0
86,86,nombre86,apellidoPaterno86,apellidoMaterno86,BACHILLERATO,CECYT,AAST770826MCHLNR153,AAST770910,SAML770826MCSNRT166,158 (2016 - 2022),Femenino,1999-03-10,Mexicano,VERACRUZ,Erik Puente,Lucas Campillo,Maria Amparo Garcia,Escuela Oficial Rural Mixta NINOS HEROES,CIENCIAS MEDICO BIOLOGICAS,VERACRUZ,7.979978041,9.194380814,,NO,Futbol,Demetrio Sanchis,Juvenil,2022-08-24,Ciudad de Mexico,Matutino,,83.35318599,1.606251791,A-,NO,,NO,,NO,,NO,NO,SI,Ingenieria en sistemas computacionales,3.101894407,,0
87,87,nombre87,apellidoPaterno87,apellidoMaterno87,BACHILLERATO,CECYT,AAST770826MCHLNR154,AAST770911,SAML770826MCSNRT167,159 (2016 - 2022),Masculino,1999-03-11,Mexicano,MORELOS,Erik Puente,Lucas Campillo,Maria Amparo Garcia,Escuela Oficial Rural Mixta NINOS HEROES,CIENCIAS MEDICO BIOLOGICAS,MORELOS,2.439928391,4.703803114,,NO,Futbol,Demetrio Sanchis,Juvenil,2022-08-25,Ciudad de Mexico,Matutino,,88.42860114,1.871049329,A-,NO,,NO,,NO,,NO,NO,SI,Ingenieria en sistemas computacionales,6.549337951,,0
88,88,nombre88,apellidoPaterno88,apellidoMaterno88,BACHILLERATO,CECYT,AAST770826MCHLNR155,AAST770912,SAML770826MCSNRT168,160 (2016 - 2022),Masculino,1999-03-12,Mexicano,HIDALGO,Erik Puente,Lucas Campillo,Maria Amparo Garcia,Escuela Oficial Rural Mixta NINOS HEROES,CIENCIAS SOCIALES Y ADMINISTRATIVAS,HIDALGO,0.27122458,0.328412712,,NO,Futbol,Demetrio Sanchis,Juvenil,2022-08-26,Ciudad de Mexico,Matutino,,88.2278305,1.706656027,A-,NO,,NO,,NO,,SI,SI,NO,Ingenieria en sistemas computacionales,6.770838977,,0
89,89,nombre89,apellidoPaterno89,apellidoMaterno89,BACHILLERATO,CECYT,AAST770826MCHLNR156,AAST770913,SAML770826MCSNRT169,161 (2016 - 2022),Femenino,1999-03-13,Mexicano,ESTADO DE MEXICO,Erik Puente,Lucas Campillo,Maria Amparo Garcia,Escuela Oficial Rural Mixta NINOS HEROES,INGENIERIA Y CIENCIAS FISICO MATEMATICA,ESTADO DE MEXICO,0.890873454,7.380693998,,NO,Futbol,Demetrio Sanchis,Juvenil,2022-08-27,Ciudad de Mexico,Matutino,,91.70482953,1.686872971,A-,NO,,NO,,NO,,SI,SI,NO,Ingenieria en sistemas computacionales,7.758397904,,0
90,90,nombre90,apellidoPaterno90,apellidoMaterno90,BACHILLERATO,CECYT,AAST770826MCHLNR157,AAST770914,SAML770826MCSNRT170,162 (2016 - 2022),Femenino,1999-03-14,Mexicano,GUANAJUATO,Erik Puente,Lucas Campillo,Maria Amparo Garcia,Escuela Oficial Rural Mixta NINOS HEROES,INGENIERIA Y CIENCIAS FISICO MATEMATICA,GUANAJUATO,4.02310981,3.27900888,,SI,Futbol,Demetrio Sanchis,Juvenil,2022-08-28,Ciudad de Mexico,Matutino,,92.29239616,1.777140933,A-,NO,,NO,,NO,,SI,SI,NO,Ingenieria en sistemas computacionales,5.898311805,,0
91,91,nombre91,apellidoPaterno91,apellidoMaterno91,BACHILLERATO,CECYT,AAST770826MCHLNR158,AAST770915,SAML770826MCSNRT171,163 (2016 - 2022),Femenino,1999-03-15,Mexicano,SAN LUIS POTOSI,Erik Puente,Lucas Campillo,Maria Amparo Garcia,Escuela Oficial Rural Mixta NINOS HEROES,INGENIERIA Y CIENCIAS FISICO MATEMATICA,SAN LUIS POTOSI,1.170993635,3.122107176,,SI,Basquetball,Demetrio Sanchis,Juvenil,2022-08-29,Ciudad de Mexico,Matutino,,77.71583241,1.657024576,A-,NO,,NO,,NO,,SI,NO,NO,Ingenieria en sistemas computacionales,2.853894418,,0
92,92,nombre92,apellidoPaterno92,apellidoMaterno92,BACHILLERATO,CECYT,AAST770826MCHLNR159,AAST770916,SAML770826MCSNRT172,164 (2016 - 2022),Masculino,1999-03-16,Mexicano,VERACRUZ,Erik Puente,Lucas Campillo,Maria Amparo Garcia,Escuela Oficial Rural Mixta NINOS HEROES,CIENCIAS SOCIALES Y ADMINISTRATIVAS,VERACRUZ,5.844770222,2.71984151,,SI,Basquetball,Demetrio Sanchis,Juvenil,2022-08-30,Ciudad de Mexico,Matutino,,86.60407684,1.971268721,O+,NO,,NO,,NO,,SI,NO,SI,Ingenieria en sistemas computacionales,2.120261586,,0
93,93,nombre93,apellidoPaterno93,apellidoMaterno93,BACHILLERATO,CECYT,AAST770826MCHLNR160,AAST770917,SAML770826MCSNRT173,165 (2016 - 2022),Masculino,1999-03-17,Mexicano,MORELOS,Erik Puente,Lucas Campillo,Maria Amparo Garcia,Escuela Oficial Rural Mixta NINOS HEROES,CIENCIAS SOCIALES Y ADMINISTRATIVAS,MORELOS,1.845964486,6.907427546,,SI,Basquetball,Demetrio Sanchis,Juvenil,2022-08-31,Ciudad de Mexico,Matutino,,77.98610529,1.715702936,O+,NO,,NO,,NO,,SI,NO,SI,Ingenieria en sistemas computacionales,2.022246954,,0
94,94,nombre94,apellidoPaterno94,apellidoMaterno94,BACHILLERATO,CECYT,AAST770826MCHLNR161,AAST770918,SAML770826MCSNRT174,166 (2016 - 2022),Femenino,1999-03-18,Mexicano,HIDALGO,Erik Puente,Lucas Campillo,Maria Amparo Garcia,Escuela Oficial Rural Mixta NINOS HEROES,CIENCIAS MEDICO BIOLOGICAS,HIDALGO,7.118478707,8.54304376,,SI,Basquetball,Demetrio Sanchis,Juvenil,2022-09-01,Ciudad de Mexico,Matutino,,75.16424871,1.885843143,O+,NO,,NO,,NO,,SI,NO,SI,Ingenieria en sistemas computacionales,5.874696031,,0
95,95,nombre95,apellidoPaterno95,apellidoMaterno95,BACHILLERATO,CECYT,AAST770826MCHLNR162,AAST770919,SAML770826MCSNRT175,167 (2016 - 2022),Femenino,1999-03-19,Mexicano,ESTADO DE MEXICO,Erik Puente,Lucas Campillo,Maria Amparo Garcia,Escuela Oficial Rural Mixta NINOS HEROES,CIENCIAS MEDICO BIOLOGICAS,ESTADO DE MEXICO,2.613440567,7.132550495,,SI,Alterofilia,Demetrio Sanchis,Juvenil,2022-09-02,Ciudad de Mexico,Matutino,,89.66654629,1.79741142,O+,NO,,NO,,NO,,SI,NO,NO,Ingenieria en sistemas computacionales,9.325839113,,0
96,96,nombre96,apellidoPaterno96,apellidoMaterno96,BACHILLERATO,CECYT,AAST770826MCHLNR163,AAST770920,SAML770826MCSNRT176,168 (2016 - 2022),Femenino,1999-03-20,Mexicano,TLAXCALA,Erik Puente,Lucas Campillo,Maria Amparo Garcia,Escuela Oficial Rural Mixta NINOS HEROES,CIENCIAS MEDICO BIOLOGICAS,TLAXCALA,5.281339626,6.187127023,,SI,Basquetball,Demetrio Sanchis,Juvenil,2022-09-03,Ciudad de Mexico,Matutino,,92.91592091,1.767162353,AB+,NO,,NO,,NO,,SI,NO,NO,Ingenieria en sistemas computacionales,5.820270896,,0
97,97,nombre97,apellidoPaterno97,apellidoMaterno97,BACHILLERATO,CECYT,AAST770826MCHLNR164,AAST770921,SAML770826MCSNRT177,169 (2016 - 2022),Femenino,1999-03-21,Mexicano,SINALOA,Erik Puente,Lucas Campillo,Maria Amparo Garcia,Escuela Oficial Rural Mixta NINOS HEROES,CIENCIAS MEDICO BIOLOGICAS,SINALOA,5.285354719,1.127977007,,SI,Natacion,Demetrio Sanchis,Juvenil,2022-09-04,Ciudad de Mexico,Matutino,,81.90557023,1.914920878,AB+,NO,,NO,,NO,,SI,NO,NO,Ingenieria en sistemas computacionales,4.683893064,,0
98,98,nombre98,apellidoPaterno98,apellidoMaterno98,BACHILLERATO,CECYT,AAST770826MCHLNR165,AAST770922,SAML770826MCSNRT178,170 (2016 - 2022),Femenino,1999-03-22,Mexicano,MICHOACAN,Erik Puente,Lucas Campillo,Maria Amparo Garcia,Escuela Oficial Rural Mixta NINOS HEROES,CIENCIAS SOCIALES Y ADMINISTRATIVAS,MICHOACAN,8.415824246,8.856692327,,SI,Natacion,Demetrio Sanchis,Juvenil,2022-09-05,Ciudad de Mexico,Matutino,,92.84339829,1.905423124,A-,NO,,NO,,NO,,NO,NO,SI,Ingenieria en sistemas computacionales,0.190181578,,0
99,99,nombre99,apellidoPaterno99,apellidoMaterno99,BACHILLERATO,CECYT,AAST770826MCHLNR166,AAST770923,SAML770826MCSNRT179,171 (2016 - 2022),Masculino,1999-03-23,Mexicano,ESTADO DE MEXICO,Erik Puente,Lucas Campillo,Maria Amparo Garcia,Escuela Oficial Rural Mixta NINOS HEROES,CIENCIAS SOCIALES Y ADMINISTRATIVAS,ESTADO DE MEXICO,0.334704582,3.567143715,,NO,Basquetball,Demetrio Sanchis,Juvenil,2022-09-06,Ciudad de Mexico,Matutino,,78.36886048,1.867912293,A-,NO,,NO,,NO,,NO,SI,SI,Ingenieria en sistemas computacionales,0.638368219,,0
100,100,nombre100,apellidoPaterno100,apellidoMaterno100,BACHILLERATO,CECYT,AAST770826MCHLNR167,AAST770924,SAML770826MCSNRT180,172 (2016 - 2022),Masculino,1999-03-24,Mexicano,CIUDAD DE MEXICO,Erik Puente,Lucas Campillo,Maria Amparo Garcia,Escuela Oficial Rural Mixta NINOS HEROES,INGENIERIA Y CIENCIAS FISICO MATEMATICA,CIUDAD DE MEXICO,9.150098776,2.77406396,,SI,Futbol,Demetrio Sanchis,Juvenil,2022-09-07,Ciudad de Mexico,Vespertino,,93.31136275,1.95599783,O+,NO,,NO,,NO,,NO,NO,NO,Ingenieria en sistemas computacionales,5.924606759,,0
